{
  "export_time": "2025-12-28T03:05:44.746878",
  "target_count": 1,
  "targets": [
    {
      "id": 13,
      "bearing": 15.374494559560631,
      "range_nm": 0.44795918464660645,
      "velocity": 24.696259448925655,
      "angular_velocity": 79.09594951328465,
      "threat_level": "NEUTRAL",
      "sound_types": [
        "Voice/Machinery"
      ],
      "intensity": 0.2090476155281067,
      "position_history": [
        [
          -13.043262918198133,
          0.9283603429794312,
          198917
        ],
        [
          -6.680813140245213,
          1.2333228588104248,
          199088
        ],
        [
          2.8890718336032952,
          0.7646396160125732,
          199177
        ],
        [
          7.781283406285304,
          0.7648733854293823,
          199803
        ],
        [
          15.374494559560631,
          3.135714292526245,
          199899
        ]
      ]
    }
  ]
}