{
  "export_time": "2025-12-28T03:06:57.748289",
  "target_count": 2,
  "targets": [
    {
      "id": 16,
      "bearing": 16.80750969600064,
      "range_nm": 0.19116578783307758,
      "velocity": -7.042867997113396,
      "angular_velocity": 89.0840289823935,
      "threat_level": "UNKNOWN",
      "sound_types": [
        "Low Frequency Rumble"
      ],
      "intensity": 0.08921070396900177,
      "position_history": [
        [
          -8.546870849448487,
          1.558592438697815,
          272913
        ],
        [
          -11.080534680675473,
          2.480182647705078,
          273446
        ],
        [
          -2.7740338620663114,
          1.452623963356018,
          273700
        ],
        [
          4.331002828752563,
          1.499944806098938,
          273785
        ],
        [
          9.235367232497191,
          1.9368042945861816,
          273960
        ],
        [
          16.80750969600064,
          1.338160514831543,
          274045
        ]
      ]
    },
    {
      "id": 17,
      "bearing": 7.482919793694738,
      "range_nm": 0.21469807624816895,
      "velocity": 0.0,
      "angular_velocity": 0.0,
      "threat_level": "NEUTRAL",
      "sound_types": [
        "Voice/Machinery"
      ],
      "intensity": 0.10019243508577347,
      "position_history": [
        [
          7.482919793694738,
          1.5028865337371826,
          273531
        ]
      ]
    }
  ]
}