{
  "export_time": "2025-12-28T03:05:43.962873",
  "target_count": 3,
  "targets": [
    {
      "id": 13,
      "bearing": 15.374494559560631,
      "range_nm": 0.44795918464660645,
      "velocity": 24.696259448925655,
      "angular_velocity": 79.09594951328465,
      "threat_level": "NEUTRAL",
      "sound_types": [
        "Voice/Machinery"
      ],
      "intensity": 0.2090476155281067,
      "position_history": [
        [
          -13.043262918198133,
          0.9283603429794312,
          198917
        ],
        [
          -6.680813140245213,
          1.2333228588104248,
          199088
        ],
        [
          2.8890718336032952,
          0.7646396160125732,
          199177
        ],
        [
          7.781283406285304,
          0.7648733854293823,
          199803
        ],
        [
          15.374494559560631,
          3.135714292526245,
          199899
        ]
      ]
    },
    {
      "id": 14,
      "bearing": -12.681781776247627,
      "range_nm": 0.2247753654207502,
      "velocity": 0.0,
      "angular_velocity": 0.0,
      "threat_level": "UNKNOWN",
      "sound_types": [
        "Voice/Engine Low"
      ],
      "intensity": 0.10489516705274582,
      "position_history": [
        [
          -12.681781776247627,
          1.5734275579452515,
          199432
        ]
      ]
    },
    {
      "id": 15,
      "bearing": 16.483506610653343,
      "range_nm": 0.2297846930367606,
      "velocity": 0.0,
      "angular_velocity": 0.0,
      "threat_level": "UNKNOWN",
      "sound_types": [
        "Voice/Engine Low"
      ],
      "intensity": 0.10723285377025604,
      "position_history": [
        [
          16.483506610653343,
          1.6084928512573242,
          199707
        ]
      ]
    }
  ]
}